fecha,tipo,direccion,lotes,precio,swap_usd,beneficio_usd,balance_usd
2022.03.23,buy,in,0.23,42414.31,0.00,0.00,10000.00
2022.04.12,sell,out,0.23,39502.61,-87.57,-669.69,9242.74
2022.04.20,buy,in,0.22,41513.27,0.00,0.00,9242.74
2022.04.22,sell,out,0.22,40483.11,-8.38,-226.64,9007.72
2022.09.13,buy,in,0.39,22419.04,0.00,0.00,9007.72
2022.09.14,sell,out,0.39,20164.75,-7.42,-879.18,8121.12
2022.11.05,buy,in,0.38,21146.95,0.00,0.00,8121.12
2022.11.08,sell,out,0.38,20587.51,-7.23,-212.59,7901.30
2023.01.12,buy,in,0.43,17939.00,0.00,0.00,7901.30
2023.03.11,sell,out,0.43,20210.20,-490.80,976.62,8387.12
2023.03.12,buy,in,0.4,20598.99,0.00,0.00,8387.12
2023.05.25,sell,out,0.4,26307.96,-555.53,2283.58,10115.17
2023.05.27,buy,in,0.37,26728.77,0.00,0.00,10115.17
2023.06.02,sell,out,0.37,26826.14,-28.16,36.03,10123.04
2023.06.03,buy,in,0.36,27269.32,0.00,0.00,10123.04
2023.06.06,sell,out,0.36,25734.02,-6.85,-552.71,9563.48
2023.06.07,buy,in,0.34,27272.65,0.00,0.00,9563.48
2023.06.08,sell,out,0.34,26342.71,-6.47,-316.18,9240.83
2023.06.21,buy,in,0.32,28339.47,0.00,0.00,9240.83
2023.08.18,sell,out,0.32,26630.79,-353.14,-546.78,8340.91
2023.10.17,buy,in,0.28,28503.18,0.00,0.00,8340.91
2024.05.02,sell,out,0.28,58300.85,-1055.06,8343.35,15629.20
2024.05.04,buy,in,0.24,62933.91,0.00,0.00,15629.20
2024.05.11,sell,out,0.24,60768.83,-31.98,-519.62,15077.60
2024.05.14,buy,in,0.23,62956.37,0.00,0.00,15077.60
2024.05.15,sell,out,0.23,61529.62,-4.38,-328.16,14745.06
2024.05.16,buy,in,0.22,66241.24,0.00,0.00,14745.06
2024.06.15,sell,out,0.22,65960.37,-134.03,-61.79,14549.24
2024.07.16,buy,in,0.22,64787.37,0.00,0.00,14549.24
2024.07.18,sell,out,0.22,64122.42,-8.38,-146.29,14394.57
2024.07.20,buy,in,0.21,66692.86,0.00,0.00,14394.57
2024.08.03,sell,out,0.21,61445.70,-55.88,-1101.90,13236.79
2024.08.24,buy,in,0.2,64116.94,0.00,0.00,13236.79
2024.08.27,sell,out,0.2,62827.96,-3.80,-257.80,12975.19
2024.09.19,buy,in,0.2,61785.91,0.00,0.00,12975.19
2024.10.02,sell,out,0.2,60783.70,-49.42,-200.44,12725.33
2024.10.05,buy,in,0.2,62119.57,0.00,0.00,12725.33
2024.10.10,sell,out,0.2,60585.43,-11.40,-306.82,12407.11
2024.10.12,buy,in,0.19,62564.69,0.00,0.00,12407.11
2025.02.12,sell,out,0.19,95826.67,-436.98,6319.78,18289.91
2025.02.13,buy,in,0.18,97852.70,0.00,0.00,18289.91
2025.02.14,sell,out,0.18,96646.97,-3.42,-217.04,18069.45
2025.02.15,buy,in,0.18,97488.05,0.00,0.00,18069.45
2025.02.17,sell,out,0.18,96117.33,0.00,-246.73,17822.72
2025.02.21,buy,in,0.17,98322.95,0.00,0.00,17822.72
2025.02.22,sell,out,0.17,96195.88,-9.70,-361.60,17451.42
2025.04.23,buy,in,0.18,93450.76,0.00,0.00,17451.42
2025.08.26,sell,out,0.18,110127.40,-427.68,3001.79,20025.53
2025.08.27,buy,in,0.17,111807.08,0.00,0.00,20025.53
2025.08.28,sell,out,0.17,111244.63,-3.23,-95.61,19926.69
2025.08.29,buy,in,0.17,112590.17,0.00,0.00,19926.69
2025.08.30,sell,out,0.17,108380.20,-9.70,-715.70,19201.29
2025.09.04,buy,in,0.17,111774.21,0.00,0.00,19201.29
2025.09.05,sell,out,0.17,110720.81,-3.23,-179.08,19018.98
2025.09.09,buy,in,0.16,112094.63,0.00,0.00,19018.98
2025.09.10,sell,out,0.16,111539.41,-3.04,-88.83,18927.11
2025.09.11,buy,in,0.16,113990.55,0.00,0.00,18927.11
2025.09.23,sell,out,0.16,112734.76,-36.50,-200.93,18689.68
2025.09.30,buy,in,0.16,114386.50,0.00,0.00,18689.68
2025.10.11,sell,out,0.16,112943.07,-39.54,-230.95,18419.19
2026.04.17,buy,in,0.24,75173.02,0.00,0.00,18419.19
2026.04.20,sell,out,0.24,73825.03,-13.70,-323.51,18081.98
2026.04.21,buy,in,0.23,75880.46,0.00,0.00,18081.98
2026.06.02,sell,out,0.23,71322.37,-183.90,-1048.36,16849.72
2026.08.20,buy,in,0.24,69297.24,0.00,0.00,16849.72
2026.09.25,sell,out,0.24,84085.72,-164.47,3549.23,20234.48
