estrategia,anualizado_%,max_dd_%,cambios_año,tiempo_cubierto_%
siempre BTC,7.639456940811895,-0.27397743107903105,0.16666666666666666,99.95435874030123
umbral BTC,7.3940253627376995,-0.3248242046335337,3.0,56.96029210406207
siempre ETH,8.479681276624218,-1.184258037431496,0.16666666666666666,99.95435874030123
umbral ETH,8.619014241557089,-0.3909804573981268,2.8333333333333335,53.40027384755819
siempre SOL,-0.0572939932192873,-25.73957723524275,0.16666666666666666,99.95435874030123
umbral SOL,6.891028548721856,-0.939262768885718,5.666666666666667,44.40894568690096
siempre XRP,8.901989025344914,-1.6406256327162083,0.16666666666666666,99.95435874030123
umbral XRP,9.356276271104381,-1.2688602938826232,4.166666666666667,59.97261524418074
siempre DOGE,8.829533365630148,-1.669637177959804,0.16666666666666666,99.95435874030123
umbral DOGE,8.418014843312438,-0.9084298581118588,4.5,54.35874030123231
siempre ADA,8.407119348847903,-1.2445830254180112,0.16666666666666666,99.95435874030123
umbral ADA,9.001790603494664,-0.5135460474681941,3.8333333333333335,56.13874942948426
siempre AVAX,4.900637147124054,-4.267699599370733,0.16666666666666666,99.95435874030123
umbral AVAX,7.256501625470535,-1.3404102460198852,5.666666666666667,44.27202190780466
siempre LINK,9.983832068072896,-0.33282380978169046,0.16666666666666666,99.95435874030123
umbral LINK,9.432217973839174,-0.5606825876376065,3.5,68.73573710634413
siempre NEAR,7.098676464752907,-3.8256372638918346,0.16666666666666666,99.22409858512094
umbral NEAR,7.8390081058637096,-0.49876387701401903,5.5,51.98539479689639
rotacion 9 símbolos,4.713549126788652,-4.222530715700035,22.166666666666668,45.549977179370146
Earn (referencia),3.0,0.0,0.0,0.0
