sma,lookback,top,filtro_btc,anualizado_%,max_dd_%,sharpe
50,30,3,False,0.3205002025363113,-82.92209661782911,0.32337152383654294
50,30,3,True,40.99687136315924,-48.933333993476836,0.9038742618548615
50,30,5,False,15.87601889630539,-63.08872926794802,0.5415837133085661
50,30,5,True,37.33388925912058,-53.31550892837298,0.878083109269226
50,60,3,False,4.330459816012611,-77.31166675004587,0.3823434706199054
50,60,3,True,43.105597229253576,-53.37689524853144,0.9289568148498349
50,60,5,False,2.0985381456626317,-68.0864698700181,0.306537330285931
50,60,5,True,29.677098592633232,-51.64050776539175,0.7851555618758048
50,90,3,False,0.326753076194386,-82.19147386043046,0.3063039014093631
50,90,3,True,35.31058936815943,-53.24350896287105,0.8507835121436041
50,90,5,False,-8.253092995573684,-74.6052327264137,0.07694172005396747
50,90,5,True,11.359078931121335,-50.89451038164691,0.46553720989237574
100,30,3,False,8.587828849932077,-74.92101082234215,0.44432944715298484
100,30,3,True,34.68206653626904,-54.65013035858188,0.8388645831065381
100,30,5,False,7.35917545580933,-66.44415356560114,0.40174729478076426
100,30,5,True,22.56817517453009,-50.344694593184215,0.6679327901628332
100,60,3,False,1.0442199784297612,-80.74742750130548,0.34815639168948864
100,60,3,True,48.60031780903276,-51.51996903485807,0.9987325436878761
100,60,5,False,-2.394223524018513,-78.2011370250031,0.23800550043010593
100,60,5,True,26.2537631788355,-53.068161892421465,0.7259147840799722
100,90,3,False,-7.076720699660932,-90.39071545519398,0.21245242964520666
100,90,3,True,41.45104763169187,-55.40803754627819,0.92480777584882
100,90,5,False,-14.11950829563665,-86.26241514437342,0.0034418808219033622
100,90,5,True,19.1219862228484,-51.97315026660121,0.608625325698191
150,30,3,False,-1.4132757868170365,-76.41100086317756,0.27318951136834363
150,30,3,True,26.392115726162977,-54.90796171146912,0.7124789924976047
150,30,5,False,4.717191676460519,-66.7261013801575,0.34446773678344655
150,30,5,True,22.398432103264888,-49.338265716815066,0.6696976861876118
150,60,3,False,-0.4472921638077332,-82.45817373375216,0.31497137217345583
150,60,3,True,37.14706034205575,-51.262738746396565,0.8489391405259865
150,60,5,False,-0.3864221728746564,-77.08245754859816,0.26013253142945286
150,60,5,True,25.390261430294014,-49.019164894968505,0.7135834995494535
150,90,3,False,-9.059246359531004,-89.84977000025334,0.1877036116722533
150,90,3,True,36.517930156779755,-51.02977017148254,0.8530550025139305
150,90,5,False,-11.126372040850363,-84.64252342694945,0.064730705813541
150,90,5,True,18.50635761792947,-55.758146738261516,0.5949930736168902
