symbol,entrada_ts,salida_ts,motivo,precio_entrada,precio_salida,costo_usdt,pnl_usdt,pnl_pct,horas
ADA/USDT,2023-09-29 17:00:00,2023-09-29 18:00:00,SL,0.2525262,0.24987593753099996,200.07529735555488,-2.4953457045074288,-1.247203296703309,1.0
DOGE/USDT,2023-09-29 14:00:00,2023-10-02 08:00:00,TP,0.06193094999999999,0.06378887849999999,200.2,5.5940000000000225,2.7942057942058054,66.0
DOGE/USDT,2023-10-16 11:00:00,2023-10-16 13:00:00,SL,0.059959965,0.059330685167325,200.82035058995763,-2.5046380330090585,-1.247203296703291,2.0
NEAR/USDT,2023-10-17 05:00:00,2023-10-17 11:00:00,SL,1.038519,1.027619743095,200.22659564378696,-2.4972327017460714,-1.2472032967032871,6.0
ETH/USDT,2023-10-16 20:00:00,2023-10-17 12:00:00,SL,1590.584895,1573.891706526975,200.31892205574923,-2.4983841997998297,-1.2472032967033058,16.0
BTC/USDT,2023-10-18 05:00:00,2023-10-18 09:00:00,SL,28745.08536,28443.405689146803,199.31879955205972,-2.4859106389627073,-1.247203296703288,4.0
AVAX/USDT,2023-10-22 08:00:00,2023-10-22 08:00:00,SL,9.88494,9.7811975547,198.8211202421394,-2.479703566202403,-1.2472032967033042,0.0
BTC/USDT,2023-10-23 18:00:00,2023-10-23 22:00:00,TP,30995.22987,31925.0867661,198.32468358818568,5.5415998001614355,2.794205794205816,4.0
ETH/USDT,2023-10-23 19:00:00,2023-10-23 22:00:00,TP,1702.160655,1753.22547465,198.5064984011894,5.546680080201071,2.7942057942057965,3.0
LINK/USDT,2023-10-24 01:00:00,2023-10-24 01:00:00,SL,10.596295499999998,10.485087378727497,200.54455722023422,-2.5011983290097817,-1.2472032967032924,0.0
LINK/USDT,2023-10-31 05:00:00,2023-10-31 06:00:00,TP,11.6168055,11.965309665,200.04381731476647,5.589635934359649,2.7942057942057894,1.0
AVAX/USDT,2023-11-10 04:00:00,2023-11-10 04:00:00,SL,13.436715,13.295696676075,201.16286242882526,-2.5089098519549964,-1.247203296703282,0.0
AVAX/USDT,2023-11-17 03:00:00,2023-11-17 03:00:00,SL,24.092039999999997,23.8391940402,200.6605786764639,-2.5026453524367582,-1.2472032967032909,0.0
DOGE/USDT,2023-11-24 23:00:00,2023-11-25 11:00:00,SL,0.07845921,0.07763578059105002,200.0530466433106,-2.4950681928907272,-1.2472032967032836,12.0
BTC/USDT,2023-11-24 17:00:00,2023-11-26 12:00:00,SL,37744.842990000005,37348.71086281996,200.15954907690602,-2.496396494753583,-1.2472032967032758,43.0
DOGE/USDT,2023-12-01 07:00:00,2023-12-01 08:00:00,SL,0.08475235499999999,0.08386287903427499,199.16025784643966,-2.4839333015835905,-1.247203296703301,1.0
NEAR/USDT,2023-12-06 08:00:00,2023-12-06 09:00:00,TP,2.3221605,2.3918253149999997,198.6629743994626,5.551052341611353,2.7942057942057916,1.0
AVAX/USDT,2023-12-22 01:00:00,2023-12-22 02:00:00,TP,47.253614999999996,48.67122345,199.7742950782532,5.582104928410303,2.7942057942057796,1.0
LINK/USDT,2023-12-22 17:00:00,2023-12-22 19:00:00,SL,15.547769999999998,15.384596153849998,200.89183248492094,-2.505529557559612,-1.2472032967033035,2.0
NEAR/USDT,2023-12-26 12:00:00,2023-12-26 14:00:00,SL,4.496246999999999,4.449058887735,200.39022546749752,-2.4992734983017613,-1.2472032967032782,2.0
BTC/USDT,2024-01-10 20:00:00,2024-01-10 20:00:00,SL,46512.434595,46024.28659392547,199.8898709131375,-2.4930330598046453,-1.2472032967033118,0.0
DOGE/USDT,2024-01-28 07:00:00,2024-01-28 12:00:00,SL,0.08033014499999999,0.07948708012822499,199.33844916875202,-2.4861557096299123,-1.2472032967033027,5.0
XRP/USDT,2024-01-28 06:00:00,2024-01-28 18:00:00,SL,0.53236605,0.5267788683052501,199.3907656945646,-2.486808203064527,-1.2472032967032822,12.0
AVAX/USDT,2024-01-30 13:00:00,2024-01-30 13:00:00,SL,36.23811,35.85779103555,198.39517831924317,-2.4743912044979766,-1.2472032967032924,0.0
BTC/USDT,2024-02-02 08:00:00,2024-02-02 13:00:00,SL,43108.44345,42656.02033599225,197.89980520010266,-2.4682128946250543,-1.2472032967032824,5.0
XRP/USDT,2024-02-08 16:00:00,2024-02-08 16:00:00,SL,0.51735855,0.51192887201775,198.26197538503314,-2.4727298931112216,-1.2472032967033015,0.0
ETH/USDT,2024-02-07 17:00:00,2024-02-09 08:00:00,TP,2399.4391199999995,2471.4222935999996,197.40566897859873,5.515920640690723,2.794205794205798,39.0
SOL/USDT,2024-02-09 23:00:00,2024-02-09 23:00:00,SL,107.923935,106.79127330217501,198.52784036586993,-2.476045769916965,-1.2472032967032851,0.0
NEAR/USDT,2024-02-09 15:00:00,2024-02-10 02:00:00,TP,2.975487,3.0647516100000005,198.01491576626415,5.5329442497326795,2.794205794205796,11.0
AVAX/USDT,2024-02-15 10:00:00,2024-02-15 12:00:00,SL,42.92144999999999,42.470989382249996,198.62690684192324,-2.4772813302722625,-1.2472032967033018,2.0
ETH/USDT,2024-02-15 15:00:00,2024-02-15 15:00:00,SL,2854.016295,2824.063393983975,198.13095511960276,-2.471095804041454,-1.2472032967033164,0.0
XRP/USDT,2024-02-27 17:00:00,2024-02-27 19:00:00,TP,0.56498235,0.5819318205,197.63624173963365,5.5223633181394405,2.7942057942058076,2.0
DOGE/USDT,2024-02-28 11:00:00,2024-02-28 11:00:00,SL,0.10065029999999998,0.09959397510149999,198.74181887592516,-2.4787145169485996,-1.2472032967032798,0.0
ETH/USDT,2024-02-28 12:00:00,2024-02-28 16:00:00,TP,3297.778065,3396.71140695,198.24558022963205,5.539389489533278,2.7942057942057956,4.0
ETH/USDT,2024-02-28 18:00:00,2024-02-28 18:00:00,SL,3343.69101,3308.59897285005,199.35456600543662,-2.486356719348379,-1.2472032967033087,0.0
XRP/USDT,2024-02-29 05:00:00,2024-02-29 16:00:00,TP,0.5914955999999999,0.6092404679999999,198.85679739022308,5.556468154849682,2.7942057942057903,11.0
ADA/USDT,2024-03-04 17:00:00,2024-03-04 17:00:00,SL,0.7791894,0.771011807247,199.96920231482397,-2.4940224836617517,-1.2472032967032876,0.0
ETH/USDT,2024-03-06 06:00:00,2024-03-06 11:00:00,TP,3771.32472,3884.4644616,199.4698990135949,5.573599475934287,2.79420579420578,5.0
AVAX/USDT,2024-03-12 17:00:00,2024-03-12 17:00:00,SL,52.80639,52.252186936950004,200.58573362867693,-2.5017118825333284,-1.247203296703285,0.0
DOGE/USDT,2024-03-22 07:00:00,2024-03-22 07:00:00,SL,0.16346169,0.16174615956345,200.08489090979376,-2.4954653556321205,-1.2472032967032856,0.0
ETH/USDT,2024-04-07 13:00:00,2024-04-07 18:00:00,SL,3402.710505,3366.999058250025,199.5852987455962,-2.4892344256901993,-1.2472032967032967,5.0
AVAX/USDT,2024-04-08 07:00:00,2024-04-08 07:00:00,SL,49.12455,48.60898784775,199.08695401357298,-2.4830190537634564,-1.2472032967032955,0.0
XRP/USDT,2024-04-09 13:00:00,2024-04-09 13:00:00,SL,0.6306151499999999,0.62399684400075,198.58985359900956,-2.476819201005071,-1.2472032967032833,0.0
NEAR/USDT,2024-04-22 02:00:00,2024-04-22 02:00:00,SL,6.4152059999999995,6.34787841303,198.09399439496835,-2.4706348286652826,-1.2472032967032933,0.0
XRP/USDT,2024-05-04 12:00:00,2024-05-04 22:00:00,SL,0.5346672,0.529055867736,197.59937330226958,-2.464465898090964,-1.2472032967032987,10.0
ETH/USDT,2024-05-06 06:00:00,2024-05-06 10:00:00,SL,3180.1092599999997,3146.7340133162998,197.10598722947176,-2.4583123707255368,-1.2472032967032896,4.0
BTC/USDT,2024-05-06 08:00:00,2024-05-06 10:00:00,SL,64573.020375,63895.32652616438,197.0717815995606,-2.4578857569815966,-1.2472032967032742,2.0
LINK/USDT,2024-05-19 06:00:00,2024-05-19 06:00:00,SL,16.6373145,16.4627058843225,196.12176436430477,-2.4460371107042533,-1.247203296703283,0.0
DOGE/USDT,2024-05-22 03:00:00,2024-05-22 04:00:00,SL,0.17146569,0.16966615758345002,195.63206773474178,-2.4399295981964997,-1.2472032967032833,1.0
DOGE/USDT,2024-05-25 09:00:00,2024-05-25 14:00:00,SL,0.16616303999999998,0.16441915889519998,195.14359382918286,-2.433837335542904,-1.2472032967033193,5.0
XRP/USDT,2024-06-16 13:00:00,2024-06-16 17:00:00,SL,0.49274624999999994,0.48757487810625,194.65633959460718,-2.4277602846658795,-1.2472032967032833,4.0
ETH/USDT,2024-06-28 03:00:00,2024-06-28 14:00:00,SL,3451.775025,3415.548646112625,194.17030198561704,-2.421698407583335,-1.2472032967032827,11.0
DOGE/USDT,2024-06-28 06:00:00,2024-06-28 15:00:00,SL,0.12542267999999998,0.12410636897339998,194.09585993480397,-2.420769963871493,-1.2472032967032989,9.0
SOL/USDT,2024-07-02 05:00:00,2024-07-02 07:00:00,SL,148.97445,147.41096314725,193.2008398176518,-2.409607243464194,-1.247203296703289,2.0
XRP/USDT,2024-07-03 01:00:00,2024-07-03 03:00:00,SL,0.4860429,0.48094187976450004,192.7184364475103,-2.4035906927283577,-1.2472032967032767,2.0
LINK/USDT,2024-07-14 11:00:00,2024-07-14 12:00:00,SL,13.16658,13.0283967429,192.64464299136426,-2.4026703383105996,-1.2472032967033009,1.0
BTC/USDT,2024-07-14 00:00:00,2024-07-14 21:00:00,TP,59233.612004999995,61010.620365149996,192.23723759082608,5.371504031384006,2.7942057942057863,21.0
SOL/USDT,2024-07-14 23:00:00,2024-07-15 02:00:00,TP,147.26359499999998,151.68150285,192.83159809617936,5.388111687063116,2.794205794205816,3.0
DOGE/USDT,2024-07-14 23:00:00,2024-07-15 02:00:00,TP,0.11497745999999999,0.11842678379999999,192.83159809617936,5.388111687063088,2.7942057942058014,3.0
BTC/USDT,2024-07-14 23:00:00,2024-07-15 03:00:00,TP,60891.8307,62718.585621,192.83159809617936,5.388111687063088,2.7942057942058014,4.0
ADA/USDT,2024-07-15 08:00:00,2024-07-15 10:00:00,SL,0.43831905,0.43371889157025,196.06769797542947,-2.4453627929197808,-1.2472032967032771,2.0
DOGE/USDT,2024-07-15 17:00:00,2024-07-15 22:00:00,TP,0.12035014499999999,0.12396064935,195.57813634428692,5.464855617931761,2.794205794205788,5.0
NEAR/USDT,2024-07-15 22:00:00,2024-07-15 22:00:00,TP,5.8179075000000005,5.992444725,195.9972450314394,5.476566377152238,2.79420579420581,0.0
DOGE/USDT,2024-07-16 17:00:00,2024-07-16 19:00:00,SL,0.12633313499999999,0.12500726874817497,197.76860902770275,-2.466576611637805,-1.2472032967033184,2.0
ETH/USDT,2024-07-17 06:00:00,2024-07-17 08:00:00,SL,3500.12919,3463.39533415095,197.90441861434277,-2.468270433279571,-1.2472032967032942,2.0
BTC/USDT,2024-07-16 17:00:00,2024-07-17 16:00:00,SL,64532.25,63854.98403625,197.76860902770275,-2.4665766116377483,-1.2472032967032896,23.0
LINK/USDT,2024-07-21 16:00:00,2024-07-21 18:00:00,SL,14.454223499999998,14.3025264243675,196.28684401166043,-2.4480959895082606,-1.2472032967032836,2.0
AVAX/USDT,2024-07-27 16:00:00,2024-07-27 16:00:00,SL,28.864425,28.561492859625,195.79673519456088,-2.441983336183995,-1.2472032967033004,0.0
XRP/USDT,2024-07-31 01:00:00,2024-07-31 02:00:00,TP,0.6327162,0.651697686,195.30785013065685,5.457303264889589,2.7942057942057974,1.0
BTC/USDT,2024-08-18 13:00:00,2024-08-18 17:00:00,SL,59999.54478,59369.8495575339,196.40040224428776,-2.449512291529288,-1.2472032967032944,4.0
NEAR/USDT,2024-08-23 01:00:00,2024-08-23 09:00:00,TP,4.386192,4.51777776,195.91000988352363,5.474128847594557,2.7942057942057916,8.0
ADA/USDT,2024-08-23 01:00:00,2024-08-23 18:00:00,TP,0.37728854999999994,0.38860720649999997,195.91000988352363,5.474128847594557,2.7942057942057916,17.0
XRP/USDT,2024-08-24 13:00:00,2024-08-24 21:00:00,SL,0.6139068,0.607463848134,198.10185107410047,-2.470732817426409,-1.247203296703283,8.0
LINK/USDT,2024-09-09 02:00:00,2024-09-09 03:00:00,SL,10.38519,10.276197430949999,197.7009136448011,-2.465732312590518,-1.2472032967033073,1.0
AVAX/USDT,2024-09-08 22:00:00,2024-09-09 08:00:00,TP,23.251619999999996,23.949168599999997,197.6072103640517,5.521552121760777,2.7942057942058005,10.0
NEAR/USDT,2024-09-09 16:00:00,2024-09-09 18:00:00,TP,3.8869424999999995,4.003550775,198.21898548984757,5.53864637777329,2.7942057942058076,2.0
AVAX/USDT,2024-09-14 19:00:00,2024-09-14 22:00:00,SL,25.362675,25.096493725875003,199.3278224946778,-2.486023173400497,-1.2472032967032867,3.0
DOGE/USDT,2024-09-23 11:00:00,2024-09-23 12:00:00,SL,0.10727360999999999,0.10614777346305,198.83012065536303,-2.4798158196528277,-1.2472032967032955,1.0
NEAR/USDT,2024-10-15 11:00:00,2024-10-15 11:00:00,SL,5.110554,5.05691873577,198.33366152826852,-2.4736239650528944,-1.2472032967032822,0.0
BTC/USDT,2024-10-16 14:00:00,2024-10-17 11:00:00,SL,67419.693,66712.123321965,197.83844201046495,-2.46744757090093,-1.2472032967032822,21.0
XRP/USDT,2024-10-17 08:00:00,2024-10-17 14:00:00,SL,0.5548772999999999,0.5490538627364999,197.73049444856218,-2.4661012453501883,-1.2472032967032924,6.0
DOGE/USDT,2024-10-28 14:00:00,2024-10-28 17:00:00,TP,0.147023475,0.15143417925,196.85074553745147,5.500414937744779,2.7942057942057974,3.0
XRP/USDT,2024-10-29 20:00:00,2024-10-30 11:00:00,SL,0.5264631,0.5209378697655,197.951928607988,-2.468862979486545,-1.2472032967032776,15.0
DOGE/USDT,2024-11-06 02:00:00,2024-11-06 02:00:00,TP,0.180760335,0.18618314505,197.4576622394948,5.51737343939925,2.794205794205784,0.0
NEAR/USDT,2024-11-11 06:00:00,2024-11-11 06:00:00,SL,5.1415695,5.0876087280975,198.56224040206254,-2.47647480830247,-1.247203296703307,0.0
XRP/USDT,2024-11-13 15:00:00,2024-11-13 15:00:00,SL,0.71225595,0.70478082380475,198.06645014544037,-2.4702912958770753,-1.2472032967032722,0.0
NEAR/USDT,2024-11-28 01:00:00,2024-11-28 02:00:00,SL,6.845420999999999,6.773578306605,197.57189782800575,-2.4641232230701178,-1.2472032967032771,1.0
XRP/USDT,2024-12-02 15:00:00,2024-12-02 15:00:00,TP,2.6189088,2.697476064,197.07858035874713,5.506781111522628,2.7942057942057907,0.0
LINK/USDT,2024-12-09 03:00:00,2024-12-09 03:00:00,SL,26.823404999999998,26.541893364525,198.18103793727397,-2.4717204385945024,-1.247203296703302,0.0
BTC/USDT,2024-12-16 16:00:00,2024-12-18 01:00:00,SL,106385.166,105268.65368283,197.6861995054673,-2.465548797359645,-1.247203296703297,33.0
SOL/USDT,2025-01-16 14:00:00,2025-01-16 14:00:00,SL,209.974935,207.771248057175,197.19259663623592,-2.459392566101968,-1.2472032967032964,0.0
LINK/USDT,2025-01-16 15:00:00,2025-01-16 15:00:00,TP,22.47123,23.1453669,196.7002262445023,5.496209118939788,2.794205794205794,0.0
ADA/USDT,2025-02-12 11:00:00,2025-02-12 11:00:00,SL,0.79329645,0.78497080375725,197.80056731011405,-2.466975196389569,-1.2472032967032984,0.0
BTC/USDT,2025-02-21 15:00:00,2025-02-21 15:00:00,SL,98827.16888999999,97789.97775249944,197.30667887579685,-2.460815403554733,-1.2472032967033004,0.0
BTC/USDT,2025-03-05 16:00:00,2025-03-06 01:00:00,TP,88388.422125,91040.07478875,196.8140236320052,5.49938885213507,2.794205794205804,9.0
AVAX/USDT,2025-03-22 21:00:00,2025-03-22 23:00:00,SL,19.62981,19.42379514405,197.91500128020266,-2.468402420637034,-1.2472032967032838,2.0
LINK/USDT,2025-04-12 13:00:00,2025-04-12 14:00:00,TP,12.836414999999999,13.221507449999999,197.4208271155911,5.516344190232871,2.794205794205805,1.0
XRP/USDT,2025-04-13 13:00:00,2025-04-13 13:00:00,SL,2.18199045,2.15909046022725,198.52519922247572,-2.476012829489491,-1.24720329670329,0.0
ADA/USDT,2025-05-10 09:00:00,2025-05-10 17:00:00,TP,0.7947972,0.818641116,198.02950145401192,5.533351803864832,2.794205794205786,8.0
DOGE/USDT,2025-05-12 14:00:00,2025-05-12 14:00:00,SL,0.24009998999999999,0.23758014060495,199.13727848514566,-2.483646702231937,-1.2472032967032844,0.0
NEAR/USDT,2025-06-10 14:00:00,2025-06-10 14:00:00,SL,2.6083035,2.5809293547675,198.64005241535887,-2.4774452822975093,-1.247203296703295,0.0
SOL/USDT,2025-06-30 01:00:00,2025-06-30 04:00:00,SL,152.666295,151.064062233975,198.14406786984287,-2.4712593466946657,-1.2472032967032805,3.0
AVAX/USDT,2025-07-07 06:00:00,2025-07-07 12:00:00,SL,18.26913,18.07739548065,197.6493217486346,-2.465088856760673,-1.2472032967032947,6.0
XRP/USDT,2025-07-07 17:00:00,2025-07-07 18:00:00,SL,2.32146015,2.2970964257257505,197.15581095951111,-2.4589337739290897,-1.2472032967032702,1.0
NEAR/USDT,2025-07-09 08:00:00,2025-07-09 10:00:00,SL,2.2651319999999995,2.2413594396599996,196.66353241797052,-2.452794059730053,-1.2472032967032805,2.0
ETH/USDT,2025-07-09 15:00:00,2025-07-09 18:00:00,TP,2643.5411099999997,2722.8473433,196.17248304721255,5.481462887942655,2.7942057942058263,3.0
DOGE/USDT,2025-07-09 15:00:00,2025-07-09 19:00:00,TP,0.17239615499999997,0.17756803964999998,196.17248304721255,5.481462887942627,2.7942057942058116,4.0
SOL/USDT,2025-07-10 19:00:00,2025-07-10 21:00:00,TP,159.13953,163.9137159,198.36726078754478,5.542789494732858,2.7942057942057756,2.0
BTC/USDT,2025-07-13 23:00:00,2025-07-14 05:00:00,TP,118579.27000499998,122136.64810514999,199.4769272443903,5.573795859166438,2.794205794205798,6.0
DOGE/USDT,2025-07-20 18:00:00,2025-07-20 18:00:00,TP,0.26285136,0.27073690079999996,200.59280117539544,5.604975673202603,2.7942057942057916,0.0
LINK/USDT,2025-07-27 12:00:00,2025-07-28 00:00:00,TP,18.76938,19.332461400000003,201.71491730517062,5.636329907118522,2.7942057942058036,12.0
ETH/USDT,2025-07-27 17:00:00,2025-07-28 05:00:00,TP,3817.938015,3932.47615545,201.97682353475182,5.643648106160867,2.794205794205804,12.0
ADA/USDT,2025-08-09 21:00:00,2025-08-09 21:00:00,SL,0.81750855,0.8089287977677501,204.70213292183823,-2.5530517502230907,-1.2472032967032771,0.0
SOL/USDT,2025-08-09 07:00:00,2025-08-10 02:00:00,TP,179.66979,185.0598837,203.97316890342915,5.699430104124787,2.794205794205793,19.0
SOL/USDT,2025-08-10 03:00:00,2025-08-10 06:00:00,SL,183.37163999999999,181.44715463819998,204.60307384988025,-2.5518162822119734,-1.24720329670329,3.0
LINK/USDT,2025-08-10 08:00:00,2025-08-10 08:00:00,SL,21.900945,21.671094582225,204.09220023018142,-2.5454446495851357,-1.2472032967033064,0.0
AVAX/USDT,2025-08-13 11:00:00,2025-08-13 11:00:00,SL,25.282635,25.017293745675,203.58260221133446,-2.539088926294113,-1.2472032967032924,0.0
LINK/USDT,2025-08-19 00:00:00,2025-08-19 00:00:00,SL,25.802895,25.532093616975,203.0742766082904,-2.5327490726149904,-1.2472032967033069,0.0
XRP/USDT,2025-09-08 01:00:00,2025-09-08 12:00:00,TP,2.8707346499999997,2.9568566895,202.56722024395285,5.660145005218169,2.794205794205807,11.0
NEAR/USDT,2025-09-13 15:00:00,2025-09-13 16:00:00,SL,2.8344165,2.8046692988325,203.70038127399752,-2.540557870646495,-1.247203296703303,1.0
NEAR/USDT,2025-09-17 03:00:00,2025-09-17 03:00:00,SL,2.725362,2.69675932581,203.1917615882941,-2.5342143491587024,-1.2472032967032944,0.0
XRP/USDT,2025-09-29 21:00:00,2025-09-30 00:00:00,SL,2.9071528499999997,2.87664228083925,203.21976841982124,-2.5345636512847705,-1.2472032967032745,3.0
ETH/USDT,2025-09-29 16:00:00,2025-09-30 14:00:00,SL,4166.8924050000005,4123.160869209526,202.68441187559253,-2.5278866668160163,-1.2472032967032662,22.0
BTC/USDT,2025-09-30 21:00:00,2025-10-01 16:00:00,TP,114683.67318,118124.1833754,201.67090932190877,5.635100233500282,2.794205794205791,19.0
BTC/USDT,2025-10-24 08:00:00,2025-10-24 14:00:00,SL,111110.137305,109944.03641398402,202.79905638865552,-2.529316516962467,-1.2472032967032858,6.0
LINK/USDT,2025-10-25 13:00:00,2025-10-26 01:00:00,SL,18.04902,17.8595955351,202.29268722195962,-2.523001064021969,-1.2472032967032967,12.0
NEAR/USDT,2025-11-08 12:00:00,2025-11-08 12:00:00,SL,3.0105044999999997,2.9789092552725,201.78758240894243,-2.5167013801421945,-1.2472032967032882,0.0
SOL/USDT,2025-12-31 15:00:00,2025-12-31 16:00:00,SL,125.852895,124.53206886697501,201.28373879263796,-2.510417425949413,-1.2472032967032867,1.0
XRP/USDT,2026-01-02 07:00:00,2026-01-02 16:00:00,TP,1.8781385999999998,1.934482758,200.78115322396295,5.610238617057206,2.794205794205804,9.0
NEAR/USDT,2026-01-04 13:00:00,2026-01-04 19:00:00,SL,1.7238615,1.7057695735574998,201.90432299509777,-2.5181573725813564,-1.2472032967033089,6.0
XRP/USDT,2026-01-05 03:00:00,2026-01-05 04:00:00,SL,2.1451720499999998,2.1226584693352497,201.40018788910697,-2.5118697829196037,-1.2472032967033106,1.0
BTC/USDT,2026-01-05 17:00:00,2026-01-06 16:00:00,SL,93748.15065,92764.26380892826,200.89731155856646,-2.505597892746664,-1.2472032967032618,23.0
SOL/USDT,2026-01-12 17:00:00,2026-01-12 17:00:00,SL,143.05148999999997,141.55016461244998,200.39569086043858,-2.499341662862747,-1.2472032967033018,0.0
ETH/USDT,2026-01-15 14:00:00,2026-01-15 14:00:00,SL,3372.975645,3337.576265605725,199.89532265953346,-2.493101054165379,-1.2472032967032896,0.0
DOGE/USDT,2026-03-10 08:00:00,2026-03-10 09:00:00,TP,0.092396175,0.09516806025,199.94430283066774,5.586855294878916,2.794205794205803,1.0
ETH/USDT,2026-03-10 06:00:00,2026-03-10 13:00:00,SL,2045.022,2023.55949411,199.72772056719123,-2.4910107153443732,-1.2472032967033047,7.0
SOL/USDT,2026-03-10 04:00:00,2026-03-10 14:00:00,TP,85.60278,88.1708634,199.39620382848952,5.571540280802083,2.7942057942058107,10.0
AVAX/USDT,2026-03-11 15:00:00,2026-03-11 15:00:00,SL,9.694844999999999,9.593097601725,201.13141427752893,-2.508517629575266,-1.2472032967032767,0.0
NEAR/USDT,2026-03-16 03:00:00,2026-03-16 05:00:00,TP,1.3716855,1.412836065,200.62920904808794,5.60599298409096,2.79420579420581,2.0
LINK/USDT,2026-03-16 20:00:00,2026-03-17 03:00:00,SL,9.934965,9.830697542325,201.75152884350297,-2.516251718885485,-1.2472032967033033,7.0
DOGE/USDT,2026-03-24 10:00:00,2026-03-24 10:00:00,SL,0.09512754,0.0941291764677,201.24777524938207,-2.5099688874523167,-1.2472032967032878,0.0
ETH/USDT,2026-04-01 08:00:00,2026-04-01 13:00:00,SL,2132.0654999999997,2109.6894725775,200.74527947811416,-2.5037017436272606,-1.2472032967032838,5.0
ADA/USDT,2026-04-05 02:00:00,2026-04-05 05:00:00,SL,0.24722355,0.24462893884275,200.24403838903996,-2.497450248239886,-1.2472032967032791,3.0
ETH/USDT,2026-04-11 17:00:00,2026-04-11 19:00:00,TP,2259.80934,2327.6036202,199.74404884934233,5.581259786529586,2.794205794205799,2.0
NEAR/USDT,2026-04-14 10:00:00,2026-04-14 11:00:00,SL,1.4157075,1.4008496497875,200.86141705860558,-2.505150215359862,-1.2472032967032844,1.0
XRP/USDT,2026-04-14 14:00:00,2026-04-14 14:00:00,SL,1.39339635,1.37877265530675,200.35988598549054,-2.4988951032819955,-1.2472032967032922,0.0
ADA/USDT,2026-04-16 17:00:00,2026-04-16 18:00:00,TP,0.25182584999999996,0.25938062549999996,199.85960718581347,5.58448872426294,2.7942057942057943,1.0
LINK/USDT,2026-04-16 17:00:00,2026-04-16 19:00:00,TP,9.344669999999999,9.625010099999999,199.85960718581347,5.58448872426294,2.7942057942057943,2.0
ADA/USDT,2026-04-17 14:00:00,2026-04-17 15:00:00,SL,0.2653326,0.262547934363,202.0956364710083,-2.520543440559919,-1.2472032967032936,1.0
ETH/USDT,2026-05-03 13:00:00,2026-05-04 04:00:00,TP,2326.872855,2396.67904065,201.59102367420823,5.632868064103491,2.7942057942057894,15.0
AVAX/USDT,2026-05-06 04:00:00,2026-05-06 14:00:00,SL,9.574785,9.474297631425001,202.71872386064175,-2.5283146070247824,-1.2472032967032995,10.0
BTC/USDT,2026-05-11 01:00:00,2026-05-11 03:00:00,SL,81511.865565,80656.39853589532,202.21255527631538,-2.5220016557541953,-1.2472032967033035,2.0
NEAR/USDT,2026-05-21 17:00:00,2026-05-21 17:00:00,TP,1.782891,1.8363777300000002,201.7076505448334,5.63612685888009,2.794205794205784,0.0
NEAR/USDT,2026-06-14 03:00:00,2026-06-14 04:00:00,SL,2.135067,2.1126594718350002,202.8360031419812,-2.5297773180879517,-1.247203296703277,1.0
DOGE/USDT,2026-06-15 15:00:00,2026-06-15 19:00:00,SL,0.08956476,0.08862477784379999,202.32954172289996,-2.523460714572707,-1.2472032967033098,4.0
AVAX/USDT,2026-06-29 15:00:00,2026-06-29 15:00:00,SL,6.5692829999999995,6.5003383749150005,201.8243448878425,-2.517159882990967,-1.247203296703279,0.0
ADA/USDT,2026-07-02 12:00:00,2026-07-03 01:00:00,TP,0.15967979999999998,0.164470194,201.3204094792677,5.625306546588519,2.794205794205789,13.0
DOGE/USDT,2026-07-03 06:00:00,2026-07-03 15:00:00,TP,0.07507752,0.0773298456,202.44659584989472,5.656774511410134,2.794205794205789,9.0
XRP/USDT,2026-07-03 07:00:00,2026-07-03 19:00:00,TP,1.1015504999999999,1.134597015,202.48294601870117,5.657790209933125,2.7942057942057876,12.0
SOL/USDT,2026-07-04 07:00:00,2026-07-04 09:00:00,SL,82.591275,81.724479568875,204.7117717071077,-2.553171965470767,-1.2472032967032936,2.0
SOL/USDT,2026-07-15 07:00:00,2026-07-15 16:00:00,SL,77.988975,77.170480707375,204.20062667962043,-2.5467969478370094,-1.2472032967032927,9.0
XRP/USDT,2026-07-15 14:00:00,2026-07-15 16:00:00,SL,1.1224609499999998,1.11068072232975,204.22316315551282,-2.5470780235073107,-1.247203296703298,2.0
ETH/USDT,2026-07-19 12:00:00,2026-07-19 18:00:00,SL,1872.3357,1852.6855368285,203.18083291035728,-2.5340780463272097,-1.247203296703305,6.0
BTC/USDT,2026-07-27 09:00:00,2026-07-27 14:00:00,SL,65195.56149,64511.334072162455,202.67351048548258,-2.5277507043192315,-1.2472032967032924,5.0
ADA/USDT,2026-08-01 18:00:00,2026-08-01 18:00:00,SL,0.17328659999999999,0.171467957133,202.16745479447786,-2.521439161057856,-1.2472032967032873,0.0
BTC/USDT,2026-08-10 07:00:00,2026-08-10 13:00:00,SL,65332.049699999996,64646.3898383985,201.6626626744341,-2.515143377095171,-1.247203296703287,6.0
ADA/USDT,2026-08-20 11:00:00,2026-08-20 14:00:00,TP,0.1902951,0.196003953,201.15913097033967,5.620800093147238,2.7942057942057867,3.0
NEAR/USDT,2026-08-21 02:00:00,2026-08-21 05:00:00,TP,1.776888,1.83019464,202.2844151489877,5.652242848868326,2.7942057942057983,3.0
SOL/USDT,2026-08-21 23:00:00,2026-08-21 23:00:00,SL,94.34714999999998,93.35697666075,203.41599416733118,-2.537010985276737,-1.247203296703295,0.0
NEAR/USDT,2026-08-21 23:00:00,2026-08-21 23:00:00,SL,1.9879935,1.9671295082175,203.41599416733118,-2.5370109852767087,-1.2472032967032813,0.0
AVAX/USDT,2026-08-21 23:00:00,2026-08-22 00:00:00,SL,7.8669315,7.7843680539075,203.41599416733118,-2.537010985276737,-1.247203296703295,1.0
NEAR/USDT,2026-08-30 13:00:00,2026-08-30 21:00:00,SL,1.8829409999999998,1.863179534205,201.89226536957398,-2.5180069894782946,-1.2472032967032964,8.0
ETH/USDT,2026-08-30 22:00:00,2026-08-30 23:00:00,SL,2482.810785,2456.7536858114254,201.38816037028042,-2.5117197753082507,-1.2472032967032924,1.0
AVAX/USDT,2026-09-20 13:00:00,2026-09-20 13:00:00,TP,10.377186,10.68850158,200.8853140712637,5.613149085487777,2.7942057942058036,0.0
ADA/USDT,2026-09-22 15:00:00,2026-09-22 16:00:00,SL,0.2507253,0.24809393797649998,202.00906651817834,-2.5194637372542843,-1.2472032967033009,1.0
XRP/USDT,2026-09-23 04:00:00,2026-09-23 05:00:00,SL,1.6191091499999999,1.6021165994707498,201.50466987798006,-2.5131728857292615,-1.2472032967032964,1.0
NEAR/USDT,2026-09-25 10:00:00,2026-09-25 12:00:00,TP,4.916456999999999,5.063950709999999,201.00153266625705,5.616396472203007,2.7942057942057943,2.0
ADA/USDT,2026-09-26 03:00:00,2026-09-26 03:00:00,SL,0.2593296,0.25660793584799996,202.1259352399921,-2.5209213278055813,-1.2472032967033113,0.0
