universo,sma,vol_obj%,anualizado_%,max_dd_%,sharpe,calmar,ordenes_año,exposicion_%
BTC,50,-,53.8238643733403,-57.429155994235515,1.2213598719681054,0.9372219292016567,20.561666666666664,53.48449483161054
BTC,50,40,44.27440692073006,-45.75417434113045,1.3386276720148018,0.9676583078656898,28.591666666666665,41.49593203637857
BTC,50,60,51.598123974190166,-55.80674823055109,1.2781349803433213,0.9245857465306152,23.724999999999998,50.07766697262434
BTC,50,80,52.82941109015229,-57.01142605616424,1.228942979540219,0.9266460207136008,21.656666666666663,52.76677099517067
BTC,100,-,51.42649828856691,-37.21210438330924,1.1769516982217811,1.381983070853506,12.774999999999999,54.25141713904635
BTC,100,40,39.460121006984885,-29.122991019377743,1.2307499596782905,1.3549474015470822,21.291666666666664,41.61275504267597
BTC,100,60,46.527816049289214,-37.50330486138013,1.184147423316,1.2406324248293723,16.911666666666665,50.63281517123214
BTC,100,80,49.45864535947353,-37.18441126659432,1.1690634096601442,1.3300908546024532,14.113333333333332,53.46972233217395
BTC,150,-,50.5473261446854,-44.292430907663594,1.1641419264878583,1.1412181519244537,7.908333333333332,53.751250416805604
BTC,150,40,39.65305893140114,-32.72560108998251,1.2311121954947353,1.2116831352423703,17.154999999999998,41.310664974379996
BTC,150,60,46.299045876181744,-39.901717225034496,1.1860888404822985,1.1603271512117663,11.923333333333332,49.77070075795045
BTC,150,80,48.754489602203634,-43.5574288626991,1.159667249663985,1.1193151403836672,9.246666666666666,52.9106240936414
BTC+ETH,50,-,58.822385560038626,-55.34494126951337,1.2549555059118722,1.062832197681648,53.04666666666666,52.61785740092913
BTC+ETH,50,40,45.04738373209347,-37.98439268818233,1.4178764754717528,1.1859445562784678,63.023333333333326,36.68189688474322
BTC+ETH,50,60,54.97378878702703,-50.62350392157724,1.3440737287161049,1.0859340924363707,58.643333333333324,46.772698234566555
BTC+ETH,50,80,59.16752589169063,-54.29464974720087,1.3059736522548793,1.0897487352285753,54.993333333333325,50.88328873372273
BTC+ETH,100,-,49.33872202946097,-52.23022766492302,1.100869711665689,0.9446392297193845,39.541666666666664,53.753721134862076
BTC+ETH,100,40,38.18945901847306,-34.755464535271464,1.2505571055269566,1.098804447850686,49.39666666666666,37.10735406561255
BTC+ETH,100,60,46.849102816967594,-46.30358099969889,1.1995983487007664,1.0117814174517572,45.989999999999995,47.042234195083424
BTC+ETH,100,80,49.06024309705555,-50.434695066508574,1.1431761487702627,0.9727478877855704,41.974999999999994,51.5402263613538
BTC+ETH,150,-,52.45759487734291,-53.53019191305184,1.1409687734046303,0.9799627649859518,24.089999999999996,52.799536908074884
BTC+ETH,150,40,40.953974956181696,-30.024046810868743,1.3244346349114033,1.364039138833087,34.18833333333333,36.38539614943983
BTC+ETH,150,60,51.23322426327539,-37.05850733017978,1.2749759937645229,1.3824956252771674,31.146666666666665,46.34646913890922
BTC+ETH,150,80,53.98414873105719,-46.244226696057154,1.2136446033969948,1.167370558186022,26.888333333333332,51.00500438110531
BTC70+ETH30,50,-,57.822741171042935,-56.08803822708721,1.2809167750632373,1.0309282156907025,52.438333333333325,52.970688828495206
BTC70+ETH30,50,40,45.204337580106,-42.45062133689842,1.4206385867627467,1.064868691116519,62.658333333333324,38.55650484442003
BTC70+ETH30,50,60,54.55873410778116,-53.13743902158756,1.3574497172715825,1.0267475270235773,56.453333333333326,48.18212477270394
BTC70+ETH30,50,80,57.80032041043772,-54.812438867075855,1.3215058499919836,1.0545110125569799,54.019999999999996,51.5227832166478
BTC70+ETH30,100,-,51.777387196398465,-45.729511712544436,1.1774637990549062,1.1322532267974115,39.29833333333333,53.95174552953315
BTC70+ETH30,100,40,38.47546061333749,-33.205487486167264,1.260873659901954,1.1587078981859726,50.37,38.83543247198409
BTC70+ETH30,100,60,47.298771097163296,-43.63490181528784,1.2194049522563082,1.0839664839257594,44.773333333333326,48.6853059387334
BTC70+ETH30,100,80,51.825106501482885,-44.37379718722484,1.2182301753199105,1.1679213812335913,40.879999999999995,52.181869850740924
BTC70+ETH30,150,-,52.71888550734598,-48.38392038049534,1.1903635985321366,1.0895951608046661,23.23833333333333,53.09976237707762
BTC70+ETH30,150,40,40.89735858742958,-30.30808426666429,1.321679114944544,1.3493877814115878,36.01333333333333,38.37719266534687
BTC70+ETH30,150,60,49.76391515043797,-37.687610176040934,1.2649143555540483,1.3204316993831113,30.051666666666662,48.12870455181981
BTC70+ETH30,150,80,51.586638947806506,-42.92845567141433,1.2182700331850678,1.201688673421289,25.306666666666665,51.31878740760043
